path,requests
/search,2860193
/checkout,2584535
/products,2584156
/index.html,2583242
/cart,2581034
/api/v1/user,2580336
/cart_,152835
/search_,152467
/api/v1/user_,152461
/products_,152378
/checkout_,152339
/index_.html,152193
/searchE,113754
/indexE.html,113389
/cartE,113315
/productsE,113196
/api/v1/userE,112833
/checkoutE,112767
/api/v1/userA,98834
/productsA,98273
/cartA,98154
/checkoutA,98121
/searchA,98039
/indexA.html,97712
/checkoutS,59801
/api/v1/userS,59745
/cartS,59727
/searchS,59693
/indexS.html,59367
/productsS,59299
/searchR,55674
/checkoutR,55647
/productsR,55555
/cartR,55371
/indexR.html,55308
/api/v1/userR,55143
/cartT,53011
/api/v1/userT,52836
/searchT,52671
/productsT,52503
/checkoutT,52437
/indexT.html,52404
/checkoutO,51467
/indexO.html,51465
/productsO,51206
/cartO,50985
/api/v1/userO,50863
/searchO,50746
/indexL.html,34851
/productsL,34663
/checkoutL,34639
/cartL,34626
/api/v1/userL,34560
/searchL,34180
/checkoutN,33110
/cartN,32998
/productsN,32905
/indexN.html,32781
/searchN,32689
/cartU,32280
/checkoutU,32164
/api/v1/userU,32136
/searchU,32059
/api/v1/userN,32010
/productsU,31892
/api/v1/userY,31770
/indexU.html,31764
/productsY,31761
/cartY,31541
/checkoutY,31503
/indexY.html,31452
/searchY,31099
/searchW,25647
/cartW,25505
/indexW.html,25435
/productsW,25380
/api/v1/userW,25316
/checkoutI,25220
/api/v1/userI,25188
/checkoutW,25143
/indexI.html,25139
/searchI,25104
/cartI,25047
/productsI,24984
/api/v1/userM,24327
/checkoutM,24324
/searchM,24304
/cartM,24275
/indexM.html,24170
/productsM,24120
/searchG,16280
/checkoutG,16270
/productsG,16173
/indexG.html,16134
/api/v1/userG,16123
/cartG,16030
/searchF,13635
/productsF,13629
/cartF,13560
/api/v1/userF,13527
/checkoutF,13495
/indexF.html,13486
/indexD.html,13443
/api/v1/userD,13417
/cartD,13321
/productsD,13299
/searchD,13290
/checkoutD,13220
/searchZ,11987
/cartZ,11966
/checkoutZ,11930
/productsX,11914
/searchX,11884
/api/v1/userX,11878
/indexX.html,11733
/cartX,11723
/indexZ.html,11710
/api/v1/userZ,11694
/checkoutX,11651
/productsZ,11609
/cartV,11585
/indexV.html,11520
/productsV,11461
/searchV,11433
/api/v1/userV,11396
/checkoutV,11320
/api/v1/userB,11036
/productsB,11034
/cartB,11031
/checkoutB,10956
/searchB,10889
/indexB.html,10792
/api/v1/userP,9284
/searchP,9226
/indexP.html,9165
/checkoutP,9117
/searchC,9075
/productsP,9053
/cartP,9004
/cartC,8963
/indexC.html,8955
/productsC,8872
/api/v1/userC,8840
/checkoutC,8839
